类别,参数,符号/单位,示例值,换题目时怎么填
几何,径向范围,L_r (m),8.0,覆盖关心区域+延迟边界反射
几何,路面总厚,m,6.6,按实际层厚叠加
几何,各层厚度,m,0.15/0.25/0.20/6.0,按设计文件
几何,落锤半径,R (m),0.05,按实际锤
材料,弹性模量,E (Pa),1.5e9/8e8/3e8/8e7,按材料表
材料,泊松比,ν,0.35/0.30/0.30/0.35,按材料表
材料,密度,ρ (kg/m3),2400/2200/2000/1800,按材料表
材料,塑性模型,剑桥→盖帽参数,λ=0.12 κ=0.03 M=1.0 e0=1.0 pc0=40~100kPa,按土工试验/文献标定
载荷,落高,h (cm),30,扫描范围
载荷,初速度,v0=√(2gh) (m/s),2.426,自动换算
载荷,锤质量,m (kg),4.11,由几何+密度自动
接触,摩擦系数,μ,0.30,注明来源
缺陷,尺寸,d (m),0.05~0.30,扫描范围
缺陷,埋深,z (m),0.30~0.80,扫描范围
缺陷,横向偏移,r0 (m),0,轴对称下>0=环状
缺陷,弱化倍数,k,1000,任务规定
缺陷,随机率,p,0.8~1.0,任务规定
网格,冲击区单元,m,0.0015,接触尺度/5~10
网格,过渡比,ratio,1.06~1.12,相邻尺寸比
网格,远场封顶,m,0.025,波长/10 量级
网格,缺陷区单元,def/12,缺陷尺寸/10~12,保证解析
分析,时间步,自动 Δt≤L_e/c_d,TSSFAC=0.8,自动
分析,时长,ms,30,首波+主要反射
分析,输出频率,ms,时程0.05/云图1,按需
判据,量测精度,ε (m),1e-6,仪器分辨率，注明来源
判据,损伤限值,塑性应变/残余,1% / 1mm,规范，注明来源
验证,能量漂移,<1%,0.1~0.25,达标
验证,沙漏/内能,<5-10%,0（完全积分）,达标
